{
    "$schema": "https://schema.management.azure.com/schemas/2015-01-01/deploymentParameters.json#",
    "contentVersion": "1.0.0.0",
    "parameters": {
        "vulnerabilityAssessments_Default_storageContainerPath": {
            "value": null
        },
        "vaults_etltech_keyvault_name": {
            "value": null
        },
        "storageAccounts_etltechst_name": {
            "value": null
        },
        "workspaces_etltech_synapse_name": {
            "value": null
        },
        "workspaces_etltech_databricks_name": {
            "value": null
        }
    }
}