{
    "now": "2025-03-03T01:36:14.723Z",
    "perfNow": 217510.59999999404,
    "diagnosticCorrelation": "c0bc081c-6e0d-4066-8160-18da7ce0f566",
    "source": "DownloadSupportFiles",
    "environment": {
        "productName": "adf",
        "buildVersion": "1.0.022125.7",
        "environmentType": 3,
        "resourceName": "etltech-df",
        "resourceRegion": "eastus",
        "resourceGroup": "etl-tech",
        "subscriptionId": "33aea1dd-c326-4a11-8b26-8f514c88395d",
        "sessionId": "eflhsaYLLEWeSOaeeVPYif",
        "operationId": "",
        "gitType": "live",
        "loggingKey": "fa96ddf8-4ba3-467b-8925-68ac2c78fea7"
    },
    "additionalInfo": {
        "selectedResource": "SqlServerOnPrem",
        "selectedResourceType": "dataset"
    }
}