{
    "$schema": "https://schema.management.azure.com/schemas/2019-04-01/deploymentTemplate.json#",
    "contentVersion": "1.0.0.0",
    "parameters": {
        "networkWatchers_NetworkWatcher_centralindia_name": {
            "defaultValue": "NetworkWatcher_centralindia",
            "type": "String"
        }
    },
    "variables": {},
    "resources": [
        {
            "type": "Microsoft.Network/networkWatchers",
            "apiVersion": "2024-05-01",
            "name": "[parameters('networkWatchers_NetworkWatcher_centralindia_name')]",
            "location": "centralindia",
            "properties": {}
        }
    ]
}