{
    "now": "2025-03-03T01:36:02.770Z",
    "perfNow": 205557.69999998808,
    "diagnosticCorrelation": "adfccf00-1c8c-4edc-a79a-0a4da91125f6",
    "source": "DownloadSupportFiles",
    "environment": {
        "productName": "adf",
        "buildVersion": "1.0.022125.7",
        "environmentType": 3,
        "resourceName": "etltech-df",
        "resourceRegion": "eastus",
        "resourceGroup": "etl-tech",
        "subscriptionId": "33aea1dd-c326-4a11-8b26-8f514c88395d",
        "sessionId": "eflhsaYLLEWeSOaeeVPYif",
        "operationId": "",
        "gitType": "live",
        "loggingKey": "fa96ddf8-4ba3-467b-8925-68ac2c78fea7"
    },
    "additionalInfo": {
        "selectedResource": "copy_all_tables",
        "selectedResourceType": "pipeline"
    }
}