{
    "name": "SqlServerOnPrem",
    "type": "Microsoft.DataFactory/factories/linkedservices",
    "properties": {
        "annotations": [],
        "type": "SqlServer",
        "typeProperties": {
            "server": "DESKTOP-N59A29Q\\SQLEXPRESS",
            "database": "AdventureWorksLT2022",
            "encrypt": "optional",
            "trustServerCertificate": false,
            "authenticationType": "SQL",
            "userName": "luke",
            "password": {
                "type": "AzureKeyVaultSecret",
                "store": {
                    "referenceName": "AzureKeyVault1",
                    "type": "LinkedServiceReference"
                },
                "secretName": "password"
            }
        },
        "connectVia": {
            "referenceName": "SHIR",
            "type": "IntegrationRuntimeReference"
        }
    }
}